<?xml version="1.0" encoding="UTF-8" standalone="yes"?>
<addon id="salvation" name="Salvation Repo" version="0.0.1" provider-name="Family rep">
	<extension point="xbmc.addon.repository" name="Salvation repo">
            <info compressed="false">https://bitbucket.org/Familyrep/repository.salvation/raw/master/zips/addons.xml</info>
            <checksum>https://bitbucket.org/Familyrep/repository.salvation/raw/master/zips/addons.xml.md5</checksum>
            <datadir zip="true">https://bitbucket.org/Familyrep/repository.salvation/raw/master/zips/</datadir>
            <hashes>false</hashes>
            <dir>
            <info compressed="false">http://teamuniversal.xyz/modules4all/addons.xml</info>
            <checksum>http://teamuniversal.xyz/modules4all/addons.xml.md5</checksum>
            <datadir zip="true">http://teamuniversal.xyz/modules4all/</datadir>
            </dir>
            <dir>
            <info compressed="false">https://raw.githubusercontent.com/totalrevolution/python-koding/master/zips/addons.xml</info>
            <checksum>https://raw.githubusercontent.com/totalrevolution/python-koding/master/zips/addons.xml.md5</checksum>
            <datadir zip="true">https://raw.githubusercontent.com/totalrevolution/python-koding/master/zips/</datadir>
            </dir>
        </extension>
        <extension point="xbmc.addon.metadata">
            <summary>Salvation Repo</summary>
            <description>Home Salvation and The Hobbit</description>
            <platform>all</platform>
            <genre>movies</genre>
    </extension>
</addon>