<?xml version="1.0" encoding="UTF-8" standalone="yes"?>
<addon id="repository.family" name="Family" version="0.0.14" provider-name="family">
	<extension point="xbmc.addon.repository" name="Family">
		<dir>
			<info compressed="false">http://teamuniversal.xyz/modules4all/addons.xml</info>
            <checksum>http://teamuniversal.xyz/modules4all/addons.xml.md5</checksum>
            <datadir zip="true">http://teamuniversal.xyz/modules4all/</datadir>
		</dir>
		<dir>
		    <info compressed="false">https://raw.githubusercontent.com/totalrevolution/python-koding/master/zips/addons.xml</info>
            <checksum>https://raw.githubusercontent.com/totalrevolution/python-koding/master/zips/addons.xml.md5</checksum>
            <datadir zip="true">https://raw.githubusercontent.com/totalrevolution/python-koding/master/zips/</datadir>
        </dir>
        <dir>
		   <info compressed="false">https://raw.githubusercontent.com/familyrep/repository.family/master/zips/addons.xml</info>
		   <checksum>https://raw.githubusercontent.com/familyrep/repository.family/master/zips/addons.xml.md5</checksum>
		   <datadir zip="true">https://raw.githubusercontent.com/familyrep/repository.family/master/zips/</datadir>
	</extension>
	<extension point="xbmc.addon.metadata">
		<summary lang="en">Family repository</summary>
		<description lang="en">Family only</description>
		<genre></genre>
	</extension>
</addon>
