<?xml version="1.0" encoding="UTF-8" standalone="yes"?>
<addon id="repository.beast" name="[COLOR red]Beast TV Repository[/COLOR]" version="1.0" provider-name="Boom">
	<extension point="xbmc.addon.repository" name="Beast TVRepository">
		<info compressed="false">http://beastrepo.com/repo/addons.xml</info>
		<checksum>http://beastrepo.com/repo/addons.xml.md5</checksum>
		<datadir zip="true">http://beastrepo.com/repo/</datadir>
	</extension>
	<extension point="xbmc.addon.metadata">
		<summary>[COLOR Red]Beast TV[/COLOR] Repository</summary>
		<description>Repo for Beast TV</description>
		<platform>all</platform>
	</extension>
</addon>

