<?xml version="1.0" encoding="UTF-8" standalone="yes"?>
<addon id="repository.family" name="Family" version="0.0.7" provider-name="family">
	<extension point="xbmc.addon.repository" name="Family">
		<dir>
			<info compressed="false">https://raw.githubusercontent.com/noobsandnerds/modules4all/master/zips/addons.xml</info>
			<checksum>https://raw.githubusercontent.com/noobsandnerds/modules4all/master/zips/addons.xml.md5</checksum>
			<datadir zip="true">https://raw.githubusercontent.com/noobsandnerds/modules4all/master/zips/</datadir>
		</dir>
		<info compressed="false">https://raw.githubusercontent.com/familyrep/repository.family/master/zips/addons.xml</info>
		<checksum>https://raw.githubusercontent.com/familyrep/repository.family/master/zips/addons.xml.md5</checksum>
		<datadir zip="true">https://raw.githubusercontent.com/familyrep/repository.family/master/zips/</datadir>
	</extension>
	<extension point="xbmc.addon.metadata">
		<summary lang="en">Family repository</summary>
		<description lang="en">Family only</description>
		<genre></genre>
	</extension>
</addon>