<?xml version="1.0" encoding="UTF-8" standalone="yes"?>
<addon id="repository.family" name="[COLOR lime]Family[/COLOR]" version="0.0.18" provider-name="family">
     <requires>
            <import addon="xbmc.addon" version="12.0.0"/>
     </requires>
	<extension point="xbmc.addon.repository" name="[COLOR lime]Family[/COLOR]">
		   <info compressed="false">https://raw.githubusercontent.com/familyrep/repository.family/master/zips/addons.xml</info>
		   <checksum>https://raw.githubusercontent.com/familyrep/repository.family/master/zips/addons.xml.md5</checksum>
		   <datadir zip="true">https://raw.githubusercontent.com/familyrep/repository.family/master/zips/</datadir>
		   <hashes>false</hashes>
            <dir>
                <info compressed="false">https://raw.githubusercontent.com/marcelveldt/repository.marcelveldt/master/addons.xml</info>
                <checksum>https://raw.githubusercontent.com/marcelveldt/repository.marcelveldt/master/addons.xml.md5</checksum>
                <datadir zip="true">https://raw.githubusercontent.com/marcelveldt/repository.marcelveldt/master/</datadir>
            </dir>
            <dir>
                <info compressed="false">https://raw.githubusercontent.com/jsergio123/zips/master/addons.xml</info>
                <checksum>https://raw.githubusercontent.com/jsergio123/zips/master/addons.xml.md5</checksum>
                <datadir zip="true">https://raw.githubusercontent.com/jsergio123/zips/master/</datadir>
            </dir>
            <dir>
                <info compressed="false">https://raw.githubusercontent.com/totalrevolution/python-koding/master/zips/addons.xml</info>
                <checksum>https://raw.githubusercontent.com/totalrevolution/python-koding/master/zips/addons.xml.md5</checksum>
                <datadir zip="true">https://raw.githubusercontent.com/totalrevolution/python-koding/master/zips/</datadir>
            </dir>
			<dir>
				<info compressed="false">http://teamuniversal.xyz/modules4all/addons.xml</info>
				<checksum>http://teamuniversal.xyz/modules4all/addons.xml.md5</checksum>
				<datadir zip="true">http://teamuniversal.xyz/modules4all/</datadir>
			</dir>
	</extension>
	<extension point="xbmc.addon.metadata">
		<summary lang="en">Family repository</summary>
		<description lang="en">Family only</description>
		<platform>all</platform>
		<genre></genre>
	</extension>
</addon>
